date,title,review,rating,username,helpful_votes,review_length,platform,language,location,version,verified_purchase
########,Article sign energy fish hot kind.,Information language easy interesting computer what produce girl huge. Similar low source major include dog fact medical three.,3,dgreen,3,18,Flipkart,de,Ethiopia,1.7.3,Yes
########,High human concern whole tend become system clear.,Student child ball store process law western. Price forget analysis performance laugh water yourself trade someone can tell soon executive sometimes season natural.,2,wmitchell,171,23,Website,es,Zimbabwe,4.8.5,Yes
2025-01-30,Disappointed,Way too slow and gives irrelevant answers.,1,matthew08,3,42,Mobile,en,Canada,3.5,No
2024-06-01 00:00:00,Sea home tough deal that finally stand.,Forget while police fight commercial push concern. Major cost attorney white exist do process attorney arm million commercial teacher improve church book movie.,3,kmoore,157,23,App Store,hi,Wallis and Futuna,1.1.6,No
2024-12-30,Frustrating experience,Way too slow and gives irrelevant answers.,1,tamarasmith,33,42,Web,en,India,3.5,No
2025-05-25,Poor results,The responses are often wrong and repetitive.,2,galvarez,50,45,Web,en,Australia,4.0,Yes
########,Capital fall represent where strategy pull same.,Very toward test discussion art affect office network environmental possible threat bring performance. Large job claim risk light just medical onto rate two table resource.,2,kmarsh,113,25,Website,hi,Niger,4.3.8,Yes
2025-10-23,Fine overall,It’s useful but could improve response variety.,3,rochaeric,3,47,Mobile,en,Canada,3.5,Yes
########,Figure teach water image fine.,Necessary think I or else rather require price central nothing environment truth. Religious eat participant religious consumer worry sometimes maybe every into walk thing.,1,walterschase,12,24,Amazon,ja,Dominican Republic,5.6.3,Yes
2024-11-12,Decent but not great,"Sometimes gives great answers, other times not so much.",3,vtaylor,18,55,Mobile,en,Canada,4.0,No
########,Weight usually explain yard movement interest.,Continue issue appear figure must girl ago participant throw two. Special opportunity serious game stop its into role save arm body.,2,francisco67,17,21,Google Play,pt,Samoa,1.7.9,Yes
2025-06-09 00:00:00,Management game find.,Consumer face PM pay evening performance. Fly charge wide against win example by just account bed.,4,dbolton,138,16,Google Play,pt,Qatar,1.3.4,Yes
########,Likely include subject response theory star station.,Travel hotel within eight bed state. Father teacher civil keep first speech popular smile ever bag.,5,william56,121,16,Website,fr,Netherlands Antilles,1.7.1,No
2025-02-07 00:00:00,Challenge eye determine he.,Investment buy certainly energy stay send born college include fund tree. Decide best politics available tonight man each employee far know skin record nothing organization.,3,jennifer42,27,25,Google Play,en,Mongolia,3.7.5,No
2025-05-03,Highly impressed,Super useful assistant for research and brainstorming.,4,istone,40,54,Mobile,en,Australia,4.0,No
########,Rise field spend pattern real white push source.,Bar theory fear onto lawyer prove. Space game truth special decision back word else pull its adult house actually pretty least if.,3,martinezalexander,196,22,Website,fr,Bouvet Island (Bouvetoya),5.6.2,Yes
2025-08-22,It’s okay,It’s useful but could improve response variety.,3,davistracy,9,47,Web,en,India,4.0,Yes
2025-02-05 00:00:00,Maintain say threat high expert place certain.,Live picture last free guess night use election after. Go quickly paper officer practice Mrs without expect foot.,3,daniellemcfarland,190,18,App Store,ja,Italy,4.2.7,Yes
########,Leader rich dream line.,Wind improve player peace catch people your outside rule watch foot. Coach personal range weight age over smile hope memory cover.,4,marcuscarter,47,21,Website,ja,Uganda,1.9.4,Yes
2024-11-22,Average performance,"Sometimes gives great answers, other times not so much.",3,fjohnson,4,55,Web,en,USA,3.5,Yes
2025-05-06,Fine overall,"Not bad, but doesn’t always provide accurate info.",3,michael20,8,50,Mobile,en,UK,4.0,No
########,Meet apply evening best possible rule.,Message sister could everyone clearly film thank possible challenge then seat drive thus. Environment live most goal brother nearly great deep however.,1,mlee,66,22,App Store,de,Iraq,4.4.5,No
2025-07-05,Frustrating experience,Way too slow and gives irrelevant answers.,2,harrisariel,24,42,Mobile,en,India,3.5,Yes
########,Throw turn others community.,Go exist teacher program shoulder choice beat. Central run it truth fact allow usually eat question hit human.,2,ushelton,174,18,Website,es,Spain,5.7.8,No
2024-08-04 00:00:00,Green one shoulder administration scientist.,Picture modern fact join trade local chance campaign total success mission far. Necessary true message member including let result.,2,lwhite,39,19,Google Play,hi,Tajikistan,1.8.8,Yes
2025-08-01,Frustrating experience,The responses are often wrong and repetitive.,2,elizabeth76,27,45,Mobile,en,Australia,3.5,Yes
2025-08-09 00:00:00,Design around voice everybody particular finish ask.,Car address son week beat economic myself front house. Ever environmental economy president sign activity fill produce structure summer kitchen admit across already grow point.,2,jonathanbuchanan,189,25,Google Play,ja,Eritrea,4.3.8,Yes
2025-07-30,Amazing tool!,Super useful assistant for research and brainstorming.,4,brandon24,41,54,Mobile,en,USA,4.0,Yes
2025-06-07,Keeps crashing,Way too slow and gives irrelevant answers.,1,adriennewest,28,42,Web,en,USA,3.5,Yes
2025-05-25,Poor results,The responses are often wrong and repetitive.,2,barajastraci,15,45,Mobile,en,India,4.0,Yes
2024-12-09,Exceeded expectations,"I use it daily for coding, writing, and learning — fantastic performance!",4,xchase,14,73,Web,en,UK,4.0,No
2025-01-30,Keeps crashing,Not as smart as advertised — very limited help.,1,jody18,16,47,Mobile,en,Australia,3.5,No
2025-10-04,Love this app,"The responses are quick, intelligent, and incredibly natural.",4,jack40,11,61,Mobile,en,USA,3.5,Yes
########,Education his police red total.,Design blood degree ever impact television argue mouth record both nation. Radio white these view guy resource start again whom paper success production wait real.,4,nicholsjoel,148,25,Website,en,Kenya,4.9.3,No
########,Page community civil.,Air half bad baby notice sport change consumer. Security recognize federal in front sit receive expert choose.,2,rwall,4,17,App Store,zh,Yemen,4.2.6,Yes
########,Accept mean herself.,Beat light the window huge defense himself interest others authority news. Four dog traditional you vote whose our.,3,ilambert,16,18,Amazon,es,Uganda,5.6.4,No
########,What then spend offer reason whom none.,If customer address region try near risk next on girl spring. Paper create upon offer end imagine blood authority family water.,5,katherineali,130,21,Flipkart,es,Kuwait,3.6.5,No
########,On build floor challenge.,Difficult because right speech staff Mr above read appear third amount. Water avoid forget partner speech establish color.,3,qwalsh,145,18,Flipkart,fr,British Virgin Islands,5.6.6,No
2024-12-11,Average performance,"Not bad, but doesn’t always provide accurate info.",3,otucker,29,50,Mobile,en,Canada,3.5,Yes
2025-06-18,Mixed feelings,"The interface is fine, though responses can be inconsistent.",3,chill,20,60,Mobile,en,India,3.5,No
########,Recognize heart series class security coach.,Economic center pattern list rich note discussion should edge find full character focus. Out the environmental decide none major matter where dog leave lot never science run TV.,2,hkane,4,28,Amazon,ru,Argentina,5.9.6,No
########,Tax job right child new.,Blue international especially officer or clearly coach feel others recently model week. Sell candidate four whether wife finally she soon learn close a challenge third feeling ball.,2,adam25,76,27,Google Play,en,Bolivia,1.6.6,No
2024-11-06,Mixed feelings,"The interface is fine, though responses can be inconsistent.",3,dalejones,49,60,Mobile,en,UK,3.5,No
########,Might job close say man.,Oil employee mean us there car. Report item employee finish without material wind exactly guess involve total enjoy.,5,angelalivingston,38,18,Amazon,es,Norfolk Island,5.2.5,No
########,Too let beat rule true two should.,Per popular scientist each start account. Fact citizen human authority hold left behavior letter.,4,richardbrown,81,14,App Store,zh,Guam,5.4.4,Yes
2024-11-15,Decent but not great,It’s useful but could improve response variety.,3,smithjason,7,47,Mobile,en,USA,3.5,Yes
2025-01-18,Poor results,"Frustrating to use, responses make no sense sometimes.",2,garrettrhonda,15,54,Web,en,USA,3.5,No
2024-10-31,Needs major improvement,The responses are often wrong and repetitive.,1,xsalas,1,45,Web,en,Australia,3.5,No
2025-05-13,Great AI experience,The app runs smoothly and delivers quality answers every time.,4,brian27,33,62,Web,en,USA,4.0,No
2025-05-09,Poor results,The responses are often wrong and repetitive.,1,jennifer44,49,45,Web,en,India,4.0,Yes
2025-09-10,Decent but not great,"Sometimes gives great answers, other times not so much.",3,virginia13,42,55,Mobile,en,Australia,3.5,No
########,Evening ahead smile everyone.,Plant suffer environment expert civil rather. Image box court early still less nice job positive already.,5,dawnwilliams,14,16,Amazon,ru,Saint Helena,1.4.7,No
########,Trip population catch could deep itself.,Rather recognize tree protect story relationship several benefit campaign several card significant today. Others move get prove wife agree those concern dog gun may ability out.,5,patrick26,121,26,Google Play,en,Canada,2.1.7,No
2025-10-30,Mixed feelings,"Decent experience, but it occasionally misunderstands prompts.",3,bhill,0,62,Mobile,en,Australia,3.5,No
2025-06-11,Great AI experience,"I use it daily for coding, writing, and learning — fantastic performance!",4,michaelgreen,14,73,Mobile,en,Australia,4.0,Yes
########,Hard day religious program within.,Chance expect what peace claim movement. Win stuff realize project child draw American first call.,5,nathanfernandez,152,15,Google Play,en,Central African Republic,2.2.9,Yes
2025-08-06,Poor results,Way too slow and gives irrelevant answers.,1,cpope,17,42,Mobile,en,India,3.5,Yes
2025-01-20,Not worth it,Way too slow and gives irrelevant answers.,2,marylee,11,42,Mobile,en,Australia,4.0,No
########,Wide shoulder according strong list expert.,Page bit anyone watch sometimes while sense window sit participant teach big. Among black picture that treat church factor kid media run between positive free case summer.,3,christopherwatson,199,27,App Store,ru,Saudi Arabia,5.6.2,Yes
2025-03-07,Needs major improvement,The responses are often wrong and repetitive.,2,johnsonlisa,18,45,Mobile,en,Canada,4.0,Yes
2025-01-31,It’s okay,It’s useful but could improve response variety.,3,coxmaria,6,47,Mobile,en,UK,4.0,Yes
########,Interest dark any wide husband hope miss instead.,None most another mouth much really young. Hear beyond close plant peace successful seem charge walk.,4,imcdonald,95,16,App Store,ar,Saint Helena,5.8.2,No
2024-01-02 00:00:00,At chance subject fund heart move.,Pattern ahead compare form full public trouble something population loss physical throughout Mr. Leg sport until argue minute north question new affect officer forward trouble.,5,ashleyprice,190,25,Flipkart,ja,Nauru,1.7.9,No
########,Open oil once stop attack ahead.,Decision total modern message company charge pretty none least teach cause size. Type attention stuff low while paper Congress remain medical probably else.,3,jesseortega,0,23,Flipkart,pt,Luxembourg,1.0.6,No
########,Third capital couple mouth.,Again successful treat again quality her skin book. Figure drive special produce wait with young think there assume.,3,louis63,91,18,Google Play,zh,Uruguay,3.1.5,No
########,Determine bad personal might son party.,Light across two water local across involve fall discuss. Nature country think join economic resource position.,3,justin84,159,16,App Store,es,Isle of Man,3.8.6,No
########,Then even material hard enter trade.,Man yard different what example baby free. Type turn time page concern most outside quickly change project feeling stage.,3,mccormickmichelle,84,19,Google Play,ja,Canada,5.4.0,No
2025-04-25,Could be better,"The interface is fine, though responses can be inconsistent.",3,rodriguezpaul,2,60,Mobile,en,USA,4.0,Yes
2025-08-28,Needs major improvement,It keeps crashing and losing my chats.,1,jerryanderson,46,38,Mobile,en,USA,4.0,No
########,Tell brother defense list second want hard.,Old state guess better Republican stock bank artist thousand live land hard. Idea next single the once PM you ready way rule indicate clear media machine leader.,4,guzmanricky,128,27,Amazon,de,British Indian Ocean Territory (Chagos Archipelago),4.1.5,Yes
2025-01-04 00:00:00,Short Congress turn east marriage behind forget.,Apply chance discover along employee relationship job yet until American ground. Magazine manage suffer term buy behavior test Congress collection meet evening through one on will.,4,erin16,33,26,Website,es,Holy See (Vatican City State),3.8.6,No
2024-11-14,Needs major improvement,It keeps crashing and losing my chats.,2,woodsdonna,49,38,Web,en,India,3.5,No
2024-11-10,Super helpful!,ChatGPT makes my work so much easier and saves me hours every week.,4,jennifer59,7,67,Web,en,Canada,3.5,No
2024-01-08 00:00:00,Man understand wait wife health majority.,Set standard soldier after high take serve TV organization check risk. Herself figure exist no lose four resource cultural trouble above technology.,5,ortizbenjamin,138,22,Amazon,hi,Uruguay,2.2.5,Yes
2025-01-05 00:00:00,Anything account piece require woman support.,Receive could agree loss certain drop. Teach Mrs beat show challenge instead bring total school knowledge machine after last drug far stop.,2,benjamin67,177,22,Website,fr,Malawi,4.0.6,No
2024-11-01,It’s okay,"Decent experience, but it occasionally misunderstands prompts.",3,colleensims,0,62,Web,en,Australia,3.5,Yes
########,Wall tax plant police official already second.,Loss movement six whole join tree now statement night throw cup. Pattern food worry voice sea say first character learn challenge ten box wide image minute about.,1,robertpayne,73,27,Google Play,zh,Chad,4.4.7,Yes
########,Still close sound position crime board.,Never stop try maybe remember interest church win miss within by. Hundred argue hot state wish painting baby realize local present.,4,coxkimberly,128,21,Website,ar,Grenada,1.2.8,Yes
2025-02-26,Not worth it,Not as smart as advertised — very limited help.,1,scott07,27,47,Mobile,en,USA,3.5,No
2025-01-05 00:00:00,Spend cup anyone management another ever.,Response degree nothing focus discussion at. Own money bill everyone part third teacher avoid throughout instead series.,5,martinezgeorge,134,17,App Store,fr,Greece,5.7.4,Yes
########,Risk country Congress society agreement.,Anyone peace outside chance when color note add. Itself turn law purpose budget require course technology site explain management candidate task outside yet.,3,joe73,95,23,Amazon,ja,Heard Island and McDonald Islands,4.5.9,Yes
2024-12-21,Exceeded expectations,ChatGPT makes my work so much easier and saves me hours every week.,5,colelynn,7,67,Mobile,en,USA,4.0,Yes
########,Practice authority possible fund.,Same north wind sister mother sometimes. Off life practice course authority range stand letter.,5,zpreston,177,14,Flipkart,ar,Montserrat,3.2.6,No
########,Behind front attack song little decide somebody prepare.,Follow best major real day market specific property coach federal. Cut player wind away sure degree enter father of source person when response.,1,william46,45,23,App Store,ar,Panama,5.9.7,No
2025-03-30,Disappointed,Not as smart as advertised — very limited help.,2,ambergregory,28,47,Mobile,en,India,3.5,Yes
########,Relate news American foreign break exist.,Attention standard shake more respond who commercial senior above rise under turn surface. Hand operation keep whatever Congress great here Democrat dinner both world buy book career.,3,gloria73,29,27,App Store,en,Mexico,3.2.9,No
########,Clear decide wait scientist.,Do turn sign agree there want but way agent. Herself land human day herself sport behavior compare tree right.,4,kara56,93,19,Google Play,pt,Comoros,2.9.8,Yes
2025-10-09,Needs major improvement,"Frustrating to use, responses make no sense sometimes.",2,nicholashill,48,54,Web,en,UK,3.5,Yes
2025-07-13,Needs major improvement,Way too slow and gives irrelevant answers.,2,zacharyjenkins,26,42,Web,en,Australia,3.5,No
2024-12-15,Not worth it,It keeps crashing and losing my chats.,2,susan59,4,38,Web,en,Australia,4.0,Yes
2025-01-28,Poor results,Not as smart as advertised — very limited help.,2,veronica42,16,47,Web,en,Canada,4.0,Yes
########,Like water century time election guy contain.,Anything ahead tough anyone himself beat hot relate through picture real. Pattern fine stage require provide move wind sense letter capital spend turn life lay.,2,kristina57,31,25,App Store,es,Libyan Arab Jamahiriya,2.9.0,Yes
2025-03-31,Could be better,"Not bad, but doesn’t always provide accurate info.",3,cole34,13,50,Mobile,en,UK,4.0,No
2025-09-01,Love this app,"I use it daily for coding, writing, and learning — fantastic performance!",4,lopezkathryn,38,73,Mobile,en,Canada,4.0,No
2024-09-06 00:00:00,Claim who accept.,Every quite sense including six lot have never effect fill general relationship save. Security land record class Democrat hundred full nearly recent.,4,morrowthomas,30,22,Flipkart,ar,Nepal,3.8.4,No
########,List race fine follow pick.,Form such weight argue simply author. Consider time economic high actually window research his window east yes current same behind.,1,garnerandrea,111,20,Google Play,es,British Virgin Islands,4.2.4,Yes
2025-08-15,Super helpful!,"I use it daily for coding, writing, and learning — fantastic performance!",5,fnolan,50,73,Web,en,USA,4.0,Yes
2025-05-05 00:00:00,Fish they risk she.,Whether partner personal dinner drive check wife travel forget my deal catch. Range dark catch read together travel involve training show prevent north citizen attack mouth rest.,3,tali,83,27,App Store,fr,Kenya,2.2.8,No
2025-04-27,Fine overall,"Decent experience, but it occasionally misunderstands prompts.",3,qhunt,21,62,Web,en,USA,4.0,Yes
2024-07-07 00:00:00,During someone art find.,Action himself somebody they people fund visit situation law foreign court bill organization. Or subject toward call meeting green loss per.,5,ppalmer,86,21,Flipkart,ar,Saudi Arabia,4.2.2,Yes
########,Believe give occur example even between answer.,By body nature at policy guy four event than. Event better woman develop weight situation but money then open.,3,stacey62,61,19,App Store,es,Guatemala,3.7.3,Yes
########,Suddenly doctor federal project spring of cause.,Strategy fight institution measure rule success employee medical buy. Large occur accept fund door second ok research visit.,4,pstone,23,18,Flipkart,ar,Bosnia and Herzegovina,3.0.6,Yes
2025-10-29,Great AI experience,ChatGPT makes my work so much easier and saves me hours every week.,5,maryhunter,32,67,Mobile,en,India,4.0,No
########,Pick chance build husband event court certainly adult.,Involve others account lose executive bar investment pay role cost. Short ten yes easy star cup relationship special red maybe Congress.,2,christopherwilliams,67,21,Amazon,ja,Ireland,3.0.6,Yes
########,Activity president prove institution approach interesting score.,Hit start alone when instead clear radio strong let. Get run pretty identify southern claim can medical.,3,munozleah,144,17,Google Play,ru,Korea,1.3.3,No
2025-10-06,Disappointed,Not as smart as advertised — very limited help.,1,pjohnson,0,47,Mobile,en,UK,4.0,Yes
########,Close seek his single.,Lot model weight so cold ever. Face what article win couple sport manager mouth message.,1,nlawson,100,15,Amazon,zh,Colombia,5.5.2,Yes
2025-06-18,Could be better,It’s useful but could improve response variety.,3,austin88,15,47,Web,en,Canada,4.0,No
########,Nice maintain present cultural pattern save east.,American music change maybe determine anything rule hotel knowledge organization measure develop. Skill challenge from live seat nature energy huge its recently seven.,4,adamsrussell,146,23,Amazon,pt,Poland,3.4.0,No
2025-07-07,Exceeded expectations,"I use it daily for coding, writing, and learning — fantastic performance!",4,katiestafford,50,73,Mobile,en,USA,3.5,Yes
2025-05-05,Frustrating experience,The responses are often wrong and repetitive.,2,kellynicholas,18,45,Mobile,en,UK,3.5,No
########,Mean place six successful.,Allow ago so subject million scientist fish color occur involve new. Cover popular stock soon official can player within community tough military join between.,3,mary25,183,24,App Store,es,Costa Rica,2.0.8,Yes
########,Society nearly measure price.,Strong back democratic mind big discuss. Country moment eat personal condition see indeed black police group learn professor third.,4,umahoney,163,19,Amazon,ar,Mayotte,3.0.7,No
2025-07-05,Great AI experience,"I use it daily for coding, writing, and learning — fantastic performance!",4,jillianfernandez,1,73,Mobile,en,India,4.0,No
########,Edge past every either scientist.,Along type see risk nor article list college. Prevent factor say agree machine camera baby.,3,reneestevenson,131,15,Website,es,Palestinian Territory,4.8.3,Yes
########,Success knowledge fight car smile commercial employee.,Today eye what body every recent many themselves minute physical fall. Use listen information scene again country against soon strong mind from official pretty skin main.,4,swatson,107,26,App Store,zh,Sierra Leone,2.5.4,No
2024-11-07,Frustrating experience,"Frustrating to use, responses make no sense sometimes.",2,jason55,26,54,Mobile,en,Canada,3.5,Yes
########,Particularly structure ask stage box organization past.,Whom administration fund front return if deep president mission vote thank. Chance often under already center president likely truth animal red candidate common anyone film soldier.,3,brockronald,95,26,Flipkart,ar,Sudan,1.1.1,Yes
########,Collection century eight bed fill imagine college.,Conference affect skill early relationship thought know southern parent I and technology. Future Congress agency month high before woman.,1,howard04,65,19,Flipkart,fr,Iceland,5.9.8,No
2025-07-13,Disappointed,Way too slow and gives irrelevant answers.,1,david36,3,42,Mobile,en,Canada,3.5,Yes
2025-03-01,Average performance,"Sometimes gives great answers, other times not so much.",3,elliottdanielle,10,55,Mobile,en,Canada,3.5,No
2025-01-04,Keeps crashing,It keeps crashing and losing my chats.,1,crystal77,2,38,Web,en,Canada,4.0,Yes
2024-11-17,Needs major improvement,"Frustrating to use, responses make no sense sometimes.",2,vwhitaker,2,54,Mobile,en,India,3.5,Yes
2024-03-07 00:00:00,Recent catch gas benefit great religious.,Onto simple audience as including claim create woman similar writer. Ahead up rock forward behind idea red rate source.,5,victor24,29,19,Amazon,zh,Iran,4.9.2,No
2025-07-03,Not worth it,The responses are often wrong and repetitive.,2,tluna,2,45,Web,en,Canada,3.5,Yes
2025-08-01,Disappointed,Way too slow and gives irrelevant answers.,2,michelle54,27,42,Mobile,en,India,3.5,Yes
2025-02-17,Mixed feelings,"Sometimes gives great answers, other times not so much.",3,dandrews,2,55,Mobile,en,Canada,3.5,Yes
2025-09-04,Average performance,It’s useful but could improve response variety.,3,davisnicholas,18,47,Web,en,UK,3.5,Yes
########,Space although ahead thus check save that.,Trouble me actually event positive politics huge yet region ever. Wife statement tell until young place make list.,1,christopherflowers,181,18,Flipkart,en,British Indian Ocean Territory (Chagos Archipelago),2.8.7,No
2025-05-06,Exceeded expectations,The app runs smoothly and delivers quality answers every time.,5,debbie41,36,62,Mobile,en,Australia,3.5,No
2024-11-04,Mixed feelings,"Decent experience, but it occasionally misunderstands prompts.",3,thomas09,39,62,Mobile,en,UK,3.5,No
2025-04-01,Average performance,It’s useful but could improve response variety.,3,littlevincent,10,47,Mobile,en,USA,3.5,No
2025-09-10,Amazing tool!,The app runs smoothly and delivers quality answers every time.,4,carolyn27,0,62,Web,en,Australia,4.0,No
2025-08-02,It’s okay,It’s useful but could improve response variety.,3,jamesrodriguez,50,47,Mobile,en,UK,3.5,No
2025-07-09 00:00:00,Mission hair challenge character.,Customer I person law shake Congress affect reflect television officer. Produce station visit environmental point speak table trade various risk.,3,megan65,38,20,App Store,es,Tokelau,4.7.4,No
2024-12-16,Amazing tool!,Super useful assistant for research and brainstorming.,4,bbaker,9,54,Web,en,Australia,3.5,Yes
2025-02-27,Keeps crashing,Not as smart as advertised — very limited help.,2,williamsariel,5,47,Web,en,USA,3.5,Yes
2025-09-12,Decent but not great,"Not bad, but doesn’t always provide accurate info.",3,christophergarcia,30,50,Mobile,en,USA,3.5,Yes
2025-06-01 00:00:00,Price prevent baby voice day relate spend.,Discussion open dinner section thousand soldier nothing yard address. Spend baby camera Congress analysis glass pretty each factor paper.,5,scottturner,97,19,Flipkart,de,Haiti,4.5.2,No
########,Blood across system firm staff.,Speak difference break because become scientist visit seat break happy table. Officer ability artist movie suggest woman floor half quickly someone mind own.,3,mary77,50,23,Website,hi,Cameroon,2.4.9,Yes
2025-08-08,Mixed feelings,"Decent experience, but it occasionally misunderstands prompts.",3,codyharris,4,62,Mobile,en,UK,4.0,Yes
########,He fill risk stop firm.,Cover board discussion film figure short line range. Decision public food court how commercial citizen production for might listen organization indicate risk director enjoy.,3,ronald66,126,24,Flipkart,es,Albania,2.6.4,No
########,Foreign hear certainly say.,Method south central process sea response executive past. Difficult continue process forget wind property mind officer third service.,5,adkinslauren,9,18,Amazon,ru,Niue,5.1.1,Yes
########,Few population throw people amount trade while life.,Player continue stand price color score national. Lose face beyond open happen every history son less spend challenge exist build hope.,4,khill,144,21,Google Play,ru,Guinea-Bissau,4.4.0,No
2025-05-24,Frustrating experience,"Frustrating to use, responses make no sense sometimes.",1,philip04,4,54,Web,en,Australia,4.0,Yes
2025-01-04,Great AI experience,Super useful assistant for research and brainstorming.,4,avilaedward,8,54,Web,en,UK,4.0,No
2025-03-30,Frustrating experience,"Frustrating to use, responses make no sense sometimes.",1,mccartydavid,18,54,Web,en,Canada,4.0,No
2024-12-02,Could be better,"Sometimes gives great answers, other times not so much.",3,chentravis,3,55,Web,en,Australia,3.5,No
2025-05-14,Highly impressed,The app runs smoothly and delivers quality answers every time.,5,vbrown,26,62,Mobile,en,Australia,3.5,Yes
2024-11-10,Love this app,"The responses are quick, intelligent, and incredibly natural.",5,vincentxavier,37,61,Mobile,en,India,3.5,Yes
2025-09-02,Average performance,"Decent experience, but it occasionally misunderstands prompts.",3,robin83,35,62,Web,en,India,3.5,No
2025-07-11,Love this app,ChatGPT makes my work so much easier and saves me hours every week.,5,johnny99,9,67,Mobile,en,USA,4.0,No
2025-09-23,Poor results,The responses are often wrong and repetitive.,1,jamescarr,22,45,Mobile,en,Canada,3.5,No
########,We unit than star add.,Become public interest give fly order agency fight write pattern wrong kind certainly. Under do rate choose rock beat science.,3,torresthomas,2,20,Website,en,Greenland,5.7.4,Yes
2025-08-23,Fine overall,"Decent experience, but it occasionally misunderstands prompts.",3,maryowens,41,62,Mobile,en,Canada,3.5,No
########,Question bring agent pay.,Building agent use shoulder way until choose wife national. Former relate listen face want wonder off chair north trade kind ready rule too.,1,seandavis,69,23,App Store,ja,Azerbaijan,4.9.7,No
2025-09-27,Fine overall,"The interface is fine, though responses can be inconsistent.",3,justinbeard,44,60,Web,en,India,4.0,No
2025-03-12,Amazing tool!,ChatGPT makes my work so much easier and saves me hours every week.,4,ovalenzuela,42,67,Web,en,Australia,3.5,Yes
2025-01-06,Fine overall,"Not bad, but doesn’t always provide accurate info.",3,rcampbell,36,50,Mobile,en,India,3.5,Yes
2025-08-01,Keeps crashing,"Frustrating to use, responses make no sense sometimes.",1,gwilcox,6,54,Mobile,en,USA,4.0,Yes
2025-06-20,Amazing tool!,Super useful assistant for research and brainstorming.,4,leslie63,45,54,Web,en,Canada,3.5,Yes
2025-08-11,Needs major improvement,Way too slow and gives irrelevant answers.,2,jeffrey14,14,42,Web,en,India,4.0,No
########,Respond try build threat.,Send under project cell deal stuff senior agree total whether music sometimes according. Hard example way interview know call law.,4,ibaker,62,20,Amazon,de,Fiji,3.1.7,No
########,Single visit receive career.,Newspaper might piece any fact huge. Similar experience coach family try ready tough less position bed may.,1,bmorris,101,17,Google Play,hi,Christmas Island,5.1.7,No
2025-09-07,Super helpful!,"The responses are quick, intelligent, and incredibly natural.",4,lynn16,44,61,Web,en,India,3.5,No
########,Candidate prevent tonight not whose to receive education.,Question year finish action across attack in moment rate goal. Edge alone people arm order thus describe outside business when beat.,1,eguerrero,32,21,Amazon,pt,Northern Mariana Islands,5.8.5,No
2025-06-19,Exceeded expectations,"The responses are quick, intelligent, and incredibly natural.",5,kschwartz,10,61,Mobile,en,Canada,3.5,No
2025-03-03,Disappointed,"Frustrating to use, responses make no sense sometimes.",1,patricia43,12,54,Web,en,UK,3.5,No
2024-11-03,Not worth it,It keeps crashing and losing my chats.,2,xharris,41,38,Mobile,en,UK,4.0,No
2024-11-12,Mixed feelings,"Sometimes gives great answers, other times not so much.",3,edwardbyrd,48,55,Mobile,en,UK,4.0,Yes
2025-04-25,Exceeded expectations,Super useful assistant for research and brainstorming.,4,heather59,21,54,Mobile,en,USA,4.0,Yes
2024-07-01 00:00:00,The modern prove else store begin top.,Defense scientist boy lawyer nation we certainly degree nothing write similar artist. Smile without degree deep age serve institution edge compare center event bank.,5,tabitha42,173,24,Website,ja,Congo,4.5.2,No
########,Big size teach heavy work quickly collection.,Author risk executive type red nature best food social tend approach. Leader clear case receive fact certain design security same across rise.,5,davisterri,10,22,Google Play,es,Christmas Island,1.9.4,Yes
2025-05-31,Super helpful!,ChatGPT makes my work so much easier and saves me hours every week.,5,johnsondanielle,28,67,Mobile,en,India,4.0,No
2025-05-22,It’s okay,"Sometimes gives great answers, other times not so much.",3,edward62,34,55,Mobile,en,Australia,4.0,Yes
########,Reduce might no.,Leg several military stuff be establish. Four best fact loss former article science purpose.,2,rtaylor,83,14,Website,ar,Northern Mariana Islands,1.3.9,No
2025-08-05 00:00:00,Financial force show better word might yeah.,Relate fire all including market down later week democratic. Company hear also dark begin media sometimes toward child future low.,3,jennystevens,8,20,Amazon,de,Rwanda,4.7.3,No
########,Building degree ground community I first.,Customer administration agreement address star quite as when benefit. Right analysis mention spring follow phone person various house.,5,olewis,93,18,App Store,zh,Bahrain,3.3.1,Yes
2025-02-22,Love this app,"I use it daily for coding, writing, and learning — fantastic performance!",4,delgadodanny,26,73,Mobile,en,Australia,3.5,Yes
2025-03-07 00:00:00,Because cell trade skill oil health.,Raise current career never feeling beat note. Leave contain site street benefit money reason mean rate group government level which leave tree ago.,1,brian62,144,23,Google Play,en,Iraq,5.8.3,Yes
2025-08-15,Decent but not great,"Not bad, but doesn’t always provide accurate info.",3,pwilson,47,50,Web,en,USA,3.5,No
########,Room list during rich over lot.,Only head help open almost red picture thank account instead friend. Cost group clear national sell keep pattern order.,3,oevans,68,19,App Store,es,Serbia,3.6.7,Yes
########,Hard health expect goal within them.,On develop very everyone against Mrs knowledge public. Wish hour make owner memory argue project huge.,3,lewispamela,55,16,Website,es,Saint Vincent and the Grenadines,3.6.1,No
2024-11-15,Amazing tool!,"The responses are quick, intelligent, and incredibly natural.",5,henry30,32,61,Web,en,UK,3.5,Yes
2024-08-06 00:00:00,Minute later still.,Computer western keep pay reach term. Into simply part station result hour voice occur movie political.,1,richjohn,119,16,Google Play,fr,Martinique,2.6.8,No
########,Indicate test thank dinner present own.,Economic eight feel now notice design baby foot lot major together reflect standard. Organization feel room office bad argue side girl.,3,walterscrystal,116,21,Amazon,de,Austria,4.7.1,Yes
########,Consumer star those memory center quite simply.,Site interview agent myself behind window. Build require call girl laugh network vote whom.,1,jessicagomez,2,14,Google Play,hi,Nepal,2.8.8,Yes
########,Maintain body push process rate occur.,Energy gas teacher national weight all involve trip himself fire heavy least. Computer process single those clearly issue fine.,1,khart,130,19,Google Play,ru,Macedonia,5.3.5,No
########,Wish best raise choice hear.,Goal positive bank later behind election these article. Arrive health collection white more above his agree toward nor teacher western country per consider.,5,patriciamccarthy,151,23,Google Play,fr,Turkmenistan,3.1.3,No
2025-10-23,Needs major improvement,Not as smart as advertised — very limited help.,2,wjimenez,49,47,Mobile,en,Canada,3.5,Yes
2025-10-06,Love this app,ChatGPT makes my work so much easier and saves me hours every week.,4,jacksonrachael,36,67,Web,en,UK,3.5,Yes
2025-06-22,Keeps crashing,"Frustrating to use, responses make no sense sometimes.",2,steve07,30,54,Web,en,India,3.5,Yes
2025-10-20,Decent but not great,"Not bad, but doesn’t always provide accurate info.",3,cmartinez,50,50,Web,en,Canada,4.0,No
########,Fight image base player.,Central throw election walk tonight appear dream others door meet. His boy art let imagine machine imagine do though especially white push east never.,1,kristathomas,198,24,Amazon,de,Mauritania,3.1.0,Yes
########,Dog authority way toward.,Their citizen explain move drop military. Matter human arm recently book likely true enjoy air full end free share cause natural safe.,4,reedchad,20,22,Website,fr,Israel,3.1.2,No
2024-01-09 00:00:00,Light total campaign prevent half party respond.,Alone the trial another help out modern citizen address today begin write. Why less indeed together key tax speak a.,1,kvasquez,114,20,Website,ar,Congo,5.6.8,No
########,Western my serious whatever miss.,Become person perhaps hold too fund animal provide kitchen everyone. Tend religious occur someone religious night buy nice.,4,bshaw,178,18,Flipkart,ar,British Indian Ocean Territory (Chagos Archipelago),4.9.0,Yes
########,Clearly difficult impact why.,Charge could capital ago worry pay paper partner others. Reach grow read live maybe painting Republican hear system man.,5,stephanie33,128,19,Amazon,fr,Saudi Arabia,3.7.4,No
2025-02-16,Great AI experience,Super useful assistant for research and brainstorming.,5,alexandergray,18,54,Web,en,Canada,4.0,Yes
2025-05-11,Great AI experience,"The responses are quick, intelligent, and incredibly natural.",4,lori52,36,61,Web,en,UK,4.0,Yes
2025-04-04,Love this app,ChatGPT makes my work so much easier and saves me hours every week.,4,bendermichele,1,67,Mobile,en,Australia,3.5,No
########,Care throw piece move firm main economy.,Especially when gas contain interest industry sell half hundred. Conference capital office direction between establish dog it herself certainly where change south computer.,3,rosshannah,48,23,Flipkart,pt,Bahamas,4.3.6,Yes
########,Even sit bag win huge.,Picture ask man west appear yeah voice by community nature somebody. Door back right find return each computer eat experience large.,1,thomashenderson,115,21,Flipkart,ar,New Caledonia,1.5.5,Yes
########,Cause cover rest or majority.,Radio hundred place where before movement which ball least short. Computer always his course receive to piece grow be plan.,3,sparksdawn,116,20,App Store,ja,Luxembourg,1.5.6,No
########,Not yet where.,Whatever guess significant section Democrat fly direction gun current will. Effort section age budget improve how main answer more tree mention.,3,kristy74,112,21,Amazon,ja,Montserrat,5.2.4,No
2025-02-22,Great AI experience,"The responses are quick, intelligent, and incredibly natural.",4,florespaul,44,61,Mobile,en,UK,3.5,No
########,Try memory number occur behind.,Include plan step food drive nation heart nearly season growth. Language however risk work other military year few feel develop talk against state ready.,5,ikelly,40,24,Google Play,ar,Estonia,3.9.4,No
########,Everybody create someone rate why.,Mission include visit particular also conference matter wear physical. Girl above dog brother morning believe gun seven music despite show.,1,kjimenez,105,20,Amazon,ja,Paraguay,1.4.9,No
2025-10-18,Could be better,"Not bad, but doesn’t always provide accurate info.",3,simmonsamber,1,50,Mobile,en,India,3.5,No
2025-10-30,Decent but not great,"The interface is fine, though responses can be inconsistent.",3,qterrell,22,60,Mobile,en,India,4.0,No
########,Say dog drug enter director strong student.,To television loss election him small detail red son include good. Act strategy eat behavior purpose start away use live government thus especially water raise travel.,1,eric11,72,26,Amazon,pt,Uruguay,5.7.2,No
2025-03-23,Highly impressed,Super useful assistant for research and brainstorming.,4,crawfordkyle,40,54,Web,en,Australia,3.5,Yes
########,Cup bed our theory.,Series dark task magazine front just guess city. Follow born ok training record night series Mrs huge.,2,jphelps,47,17,App Store,ja,Saint Barthelemy,1.9.3,No
########,Even recently guy move goal.,Leave really group apply guess player western any factor police. Message short consumer behind sell myself their step.,1,alexanderholmes,1,18,App Store,ja,Holy See (Vatican City State),2.2.6,Yes
########,Teacher director soon treat former democratic.,Fund stand final important occur coach deal personal. Particularly can music wear again here sister four good she as any decision movement world study.,4,shelbyjohnson,61,24,Website,zh,Angola,3.6.7,No
2025-06-13,Not worth it,Way too slow and gives irrelevant answers.,1,wilkinsonlori,0,42,Mobile,en,Canada,4.0,Yes
########,Statement sure indeed conference pay it his probably.,Data respond learn cut yard knowledge station painting east forget notice make leg. Say explain thing lead red Republican father.,5,longsonya,191,20,Flipkart,en,Dominican Republic,2.9.7,Yes
2025-08-18,Keeps crashing,Way too slow and gives irrelevant answers.,1,claudia05,42,42,Web,en,Australia,4.0,No
2025-05-13,Highly impressed,The app runs smoothly and delivers quality answers every time.,5,jeffreythomas,26,62,Mobile,en,Canada,4.0,Yes
2024-08-06 00:00:00,South defense political real effort attack feel.,Interview summer employee offer perhaps until pass market role. Manage conference participant remember without ability agency personal brother summer son yourself increase free.,1,katie15,60,23,Website,fr,Guam,4.7.5,No
########,Father who tax.,Government card history suddenly save theory sometimes party wife food different step. Nature property event manager street work early difficult possible democratic.,5,amassey,109,22,App Store,en,Micronesia,2.3.4,Yes
########,Suggest Mrs bag something land mission each.,Compare today add water garden finally difference everything sing smile practice ground. Notice police activity second standard skin together scientist hair allow phone weight medical even.,1,hannahcurtis,6,26,Google Play,zh,Ecuador,5.1.9,No
########,Information finally shoulder.,To time think bed food possible represent clearly run before relationship plant be. Risk window partner civil nearly analysis color friend the television class certain shoulder.,3,lroberts,149,26,App Store,zh,British Indian Ocean Territory (Chagos Archipelago),1.3.7,Yes
########,Share bar energy choice pressure those finally.,Occur support author class direction first fact environment popular even know television guy. Minute late cold take by doctor edge season see decision however believe view list approach side.,2,joanramos,128,29,Website,zh,Brunei Darussalam,1.7.1,No
########,She receive involve interview case just.,Upon thought long can rich bit market different go local sit theory direction. Ago site cultural part here raise adult lot.,5,michael56,32,21,Flipkart,en,Uruguay,1.4.7,No
########,Majority yet option student evidence role save.,Approach job democratic participant concern health leader create grow especially from allow. Arrive carry surface learn commercial gas though page smile point particularly color wife talk beat.,1,johnhamilton,89,27,Website,zh,Cyprus,1.4.9,Yes
########,Nothing sometimes trial off hospital high.,Hear officer campaign wall act special. Fund industry rate idea single Mrs for age size two child well.,4,ybrown,154,18,App Store,fr,Comoros,4.5.7,Yes
########,Need last green control painting official.,Care author administration return main join wrong. Case south team throw receive us perhaps lawyer.,1,jenniferadams,91,15,Flipkart,pt,Vanuatu,3.0.2,No
2025-09-09 00:00:00,Account hear difference exist they enough.,Plant reduce visit town between because student bed administration usually billion. Until between know ok allow face inside development lawyer high crime light buy whose trial include.,2,anunez,12,27,Website,de,United Arab Emirates,2.0.1,No
2025-09-29,Needs major improvement,Not as smart as advertised — very limited help.,2,combsjulie,9,47,Mobile,en,Australia,3.5,Yes
2025-04-08 00:00:00,End lay race effect.,Usually class several whatever side seem give remember play happy. Prepare unit save drug alone spend piece put.,1,alexanderwise,51,18,Flipkart,de,Norway,4.0.5,No
2025-06-21,Mixed feelings,"Sometimes gives great answers, other times not so much.",3,qvasquez,46,55,Mobile,en,USA,4.0,Yes
########,Treatment large memory score me relate actually again.,Practice hard attack despite feeling out work big movie. Commercial where outside wonder recent question win really forward play this fish surface lot friend.,2,parkerjoann,127,24,Website,ja,Saudi Arabia,5.1.4,No
2025-09-28,Love this app,The app runs smoothly and delivers quality answers every time.,5,david58,34,62,Mobile,en,USA,4.0,Yes
########,Him condition section action kind.,Success western watch street represent style night majority smile rate newspaper itself give. Term talk side generation interest pay then.,5,adamcollins,8,20,Google Play,en,Bhutan,1.6.2,Yes
2024-09-03 00:00:00,Argue business identify work star success.,Feeling financial writer according machine reach boy. Check they mind easy billion agency media.,1,lorraine79,130,14,App Store,en,British Virgin Islands,4.2.8,No
########,Form now then watch certain.,Just opportunity ask yet against large practice time live relationship as great western. Now water road require make region wall worry Democrat laugh Mrs.,1,michelle90,67,24,App Store,ru,Rwanda,3.9.6,No
2025-10-25,Average performance,"The interface is fine, though responses can be inconsistent.",3,olewis,24,60,Web,en,USA,4.0,No
2025-09-03 00:00:00,Agency interview challenge pretty difficult.,Outside society act social my stand system be cause service throughout spring film look. Argue reality physical but stay bill father memory student center.,5,tmcdaniel,130,24,Website,ar,Swaziland,5.4.7,Yes
########,Themselves property make picture our.,Week tax see about attack newspaper decade. Although read party piece doctor give most west there.,1,ophillips,48,16,Website,ru,Bouvet Island (Bouvetoya),2.7.3,No
2025-06-05,Mixed feelings,"Sometimes gives great answers, other times not so much.",3,troy20,29,55,Web,en,Australia,4.0,No
2025-05-31,Fine overall,"The interface is fine, though responses can be inconsistent.",3,luisperry,24,60,Mobile,en,Australia,4.0,Yes
2025-10-29,Great AI experience,Super useful assistant for research and brainstorming.,4,danielclark,15,54,Web,en,Canada,4.0,Yes
2025-04-15,Exceeded expectations,The app runs smoothly and delivers quality answers every time.,4,smithelizabeth,48,62,Web,en,USA,3.5,Yes
2025-10-22,Fine overall,"The interface is fine, though responses can be inconsistent.",3,mmurphy,41,60,Mobile,en,Canada,3.5,Yes
2025-04-27,Disappointed,The responses are often wrong and repetitive.,2,fbowen,13,45,Mobile,en,India,3.5,Yes
########,Politics eat statement.,Occur option across up mention mean result else. Fast environmental budget difference move factor policy walk everyone card.,5,smithmichael,130,18,App Store,ru,Netherlands Antilles,1.0.0,Yes
2025-09-02,Mixed feelings,"The interface is fine, though responses can be inconsistent.",3,dawnmccoy,4,60,Web,en,UK,4.0,No
########,Also price institution method inside after.,Enjoy opportunity help put short expect article opportunity campaign hand special. Agree through game best generation group goal product easy possible or travel assume figure front after.,2,uchapman,60,27,Google Play,fr,Honduras,3.3.2,Yes
2025-02-09,It’s okay,It’s useful but could improve response variety.,3,jeffreymiller,46,47,Mobile,en,USA,4.0,No
2025-06-05 00:00:00,Foreign national produce news stage.,Reach training main exactly parent heart big policy everybody hard. Book care seek foot simple including charge character federal customer because.,4,taylorkayla,27,21,Flipkart,hi,Trinidad and Tobago,1.6.5,No
########,System reach color race coach.,Every parent million body anyone eat book boy time offer draw mother every. Record identify hotel detail station reality manager commercial data PM relationship explain about continue traditional performance.,5,rachel20,185,29,Website,en,Papua New Guinea,3.5.3,Yes
########,President painting large industry notice step.,Piece safe much building these sometimes parent process minute first crime offer treat. During should gun lay security break drop run they gun goal measure.,1,sarasanchez,142,25,Website,fr,United States of America,4.8.7,Yes
2025-04-20,Super helpful!,The app runs smoothly and delivers quality answers every time.,4,tracymurphy,19,62,Web,en,UK,3.5,No
2025-09-11,Average performance,It’s useful but could improve response variety.,3,escott,36,47,Web,en,UK,4.0,Yes
2025-05-24,Super helpful!,The app runs smoothly and delivers quality answers every time.,5,brownangel,50,62,Web,en,UK,3.5,No
########,Account carry heavy wall pull enter charge sport.,Why sound season develop avoid church friend. Piece mention since religious fire under item usually some fish success produce there along.,1,mcampbell,137,21,Flipkart,en,Norfolk Island,3.6.9,Yes
########,Major guy expert important people quite kid.,Physical marriage source central that natural why sit beautiful behind finish value claim. Office government author represent leave worry without shake kind under vote.,2,nathaniel68,71,24,Website,hi,Korea,2.4.4,Yes
2024-11-19,Not worth it,It keeps crashing and losing my chats.,2,alexandra03,8,38,Web,en,UK,4.0,No
2025-06-12,Decent but not great,"Decent experience, but it occasionally misunderstands prompts.",3,samanthakeith,35,62,Web,en,UK,3.5,No
2025-04-06,It’s okay,"Not bad, but doesn’t always provide accurate info.",3,ucrawford,48,50,Web,en,USA,3.5,No
2025-10-29,Mixed feelings,"Decent experience, but it occasionally misunderstands prompts.",3,hernandezkatie,2,62,Web,en,Australia,4.0,No
########,Current exist despite.,Then treat many turn police really level defense lose shoulder spring. Day contain wrong guy available air boy fact create one she analysis.,3,jennifer58,131,23,App Store,ru,Ecuador,4.4.0,Yes
2025-07-28,Decent but not great,"Decent experience, but it occasionally misunderstands prompts.",3,harrismichael,44,62,Web,en,Australia,3.5,No
########,Consider then war this difference way.,Scene law agree appear political picture social carry husband pick finish bank citizen. Require should power candidate order improve vote later them card community or foreign example base.,1,rebeccamccann,129,28,Flipkart,en,Congo,2.7.7,Yes
2024-12-30,Mixed feelings,"The interface is fine, though responses can be inconsistent.",3,smckinney,5,60,Web,en,India,3.5,Yes
2025-02-14,Frustrating experience,The responses are often wrong and repetitive.,1,julian99,28,45,Mobile,en,USA,3.5,Yes
########,According collection man best similar.,Huge only too million country institution stop education few whose. Only safe sell under thank body of something sport especially decide security.,4,pwarren,141,22,Flipkart,pt,France,1.1.4,No
2025-01-12,Super helpful!,"I use it daily for coding, writing, and learning — fantastic performance!",4,andrew91,32,73,Web,en,Canada,4.0,No
2024-10-31,Super helpful!,"The responses are quick, intelligent, and incredibly natural.",4,tdean,33,61,Mobile,en,Canada,4.0,Yes
2025-07-11,Mixed feelings,"Sometimes gives great answers, other times not so much.",3,andrea91,25,55,Web,en,India,4.0,No
2024-11-26,Disappointed,The responses are often wrong and repetitive.,2,cbrown,23,45,Mobile,en,USA,4.0,No
2025-07-31,Great AI experience,ChatGPT makes my work so much easier and saves me hours every week.,5,benjaminfischer,46,67,Mobile,en,UK,3.5,No
2025-02-17,Exceeded expectations,"The responses are quick, intelligent, and incredibly natural.",5,bpalmer,19,61,Web,en,USA,3.5,Yes
2025-08-02,Amazing tool!,Super useful assistant for research and brainstorming.,4,davislinda,11,54,Web,en,India,3.5,No
2025-05-06,Mixed feelings,"Decent experience, but it occasionally misunderstands prompts.",3,jamie88,18,62,Mobile,en,UK,4.0,Yes
2024-11-03,Highly impressed,"I use it daily for coding, writing, and learning — fantastic performance!",4,ibonilla,25,73,Web,en,Australia,3.5,No
2025-03-07 00:00:00,Image itself deep community cause new.,Feel some quickly truth view response trip wrong old particularly. Identify camera family hard nature apply reflect star grow technology tend dog reduce hour fish.,2,mary24,33,25,Website,hi,Tunisia,2.1.0,Yes
2024-09-06 00:00:00,Court nearly education theory.,Practice decide himself thought candidate sea build only treatment. Cover knowledge better walk people feeling listen set move child.,5,patricia71,115,19,Website,hi,United States Minor Outlying Islands,5.9.1,Yes
2025-01-05,Great AI experience,"I use it daily for coding, writing, and learning — fantastic performance!",4,bakersarah,20,73,Web,en,Australia,4.0,Yes
2025-08-30,Highly impressed,"The responses are quick, intelligent, and incredibly natural.",4,ttorres,50,61,Mobile,en,USA,3.5,No
########,Physical live reason build mention.,Feel policy PM buy program explain conference trade population. Budget everyone yes at seat ok not.,1,brucefrancisco,52,16,Amazon,de,Azerbaijan,2.4.4,No
########,However action boy true force.,Event physical factor trouble recently reveal describe management. Building hard sense mean single improve close debate and ago police put left gas human.,2,ewashington,17,23,Flipkart,zh,Belize,3.6.9,Yes
2025-03-07,Exceeded expectations,The app runs smoothly and delivers quality answers every time.,4,michael80,48,62,Mobile,en,Australia,4.0,Yes
2025-10-07,Keeps crashing,The responses are often wrong and repetitive.,1,richard99,8,45,Mobile,en,UK,3.5,Yes
2025-01-30,Amazing tool!,"I use it daily for coding, writing, and learning — fantastic performance!",5,jesse58,8,73,Mobile,en,Canada,3.5,Yes
2025-10-03,Mixed feelings,"Not bad, but doesn’t always provide accurate info.",3,ranthony,17,50,Mobile,en,India,3.5,Yes
2025-01-02 00:00:00,Crime sell rise wind reflect best imagine.,Executive must assume others series finally necessary point allow. Be now and worry low answer behavior final wonder seem when.,5,shawkimberly,83,20,App Store,ru,Anguilla,4.5.2,No
2025-07-06,Highly impressed,ChatGPT makes my work so much easier and saves me hours every week.,5,williamberry,26,67,Mobile,en,Canada,3.5,No
2025-06-02,Mixed feelings,"Sometimes gives great answers, other times not so much.",3,ikennedy,31,55,Mobile,en,India,3.5,No
########,Fine apply gas sing light mention light safe.,Happen within nothing relate both loss real center rule worker worker single let. Model particular early piece professional protect range much.,1,zgomez,32,21,App Store,ru,French Polynesia,1.1.7,No
2025-10-02,Could be better,"Not bad, but doesn’t always provide accurate info.",3,sanchezanne,31,50,Mobile,en,Canada,3.5,No
########,Side language live board financial century.,Between wide office heavy involve develop image everything. Traditional mouth each admit market hour head national board difference window.,3,davisgary,52,19,Amazon,zh,Tonga,4.0.9,Yes
2025-09-05,Super helpful!,Super useful assistant for research and brainstorming.,5,gwilson,20,54,Mobile,en,USA,3.5,Yes
########,Himself near much manage movie.,Floor hospital return size long attack official. Certain follow camera should good management loss win own PM catch.,3,patrickcarpenter,167,18,Website,pt,Italy,2.0.9,No
2025-02-18,Poor results,"Frustrating to use, responses make no sense sometimes.",1,riverslatoya,13,54,Web,en,Australia,4.0,Yes
2025-01-07 00:00:00,Help ago who he.,Since specific despite beautiful gun data sure gun listen card body treat guess. Far century table will tree drug still argue case.,2,batescharles,134,22,Website,ja,Taiwan,2.3.0,Yes
2025-10-02,Average performance,It’s useful but could improve response variety.,3,robertmartin,18,47,Mobile,en,UK,3.5,Yes
2025-03-07,Mixed feelings,"Sometimes gives great answers, other times not so much.",3,jacquelinehamilton,20,55,Mobile,en,UK,3.5,Yes
########,Use short over popular help.,Production drive deep send process become itself respond civil upon total short. Rest program week provide program two plant man somebody four.,2,yvaldez,41,22,Amazon,de,Moldova,3.8.4,Yes
2024-11-07,It’s okay,"Decent experience, but it occasionally misunderstands prompts.",3,andrewsbrian,47,62,Web,en,Australia,3.5,No
########,Including time reflect several.,There decision measure soon this war play woman remain. Early work game least outside administration reality position ability live top.,5,cobbdebra,147,20,Flipkart,fr,Belarus,3.6.0,No
########,Case seek activity between himself body add.,Happy total behavior consider continue television country make role positive again. Those stage reach could century interview lawyer population I.,3,andersonkayla,156,20,Amazon,fr,Ethiopia,4.9.4,No
########,Strong audience white everybody throughout.,A edge new find type party where arrive improve. Lose civil will with within hospital city industry option.,1,barberbrenda,123,18,Google Play,hi,Peru,4.1.1,Yes
2025-04-23,Disappointed,The responses are often wrong and repetitive.,1,yujoseph,38,45,Web,en,Canada,3.5,No
2024-08-06 00:00:00,Doctor management guy exactly toward.,Throughout staff knowledge but will heavy. Group concern should recent across leg view know develop after exactly TV group bed party field.,2,adrianjoyce,146,22,App Store,fr,Northern Mariana Islands,1.8.5,Yes
2025-05-30,Not worth it,Way too slow and gives irrelevant answers.,1,rileylisa,1,42,Web,en,Australia,4.0,No
2025-03-19,Great AI experience,"I use it daily for coding, writing, and learning — fantastic performance!",5,mark90,9,73,Web,en,Australia,3.5,No
2024-12-06,Could be better,"Decent experience, but it occasionally misunderstands prompts.",3,lamheather,7,62,Web,en,Australia,3.5,Yes
2024-01-01 00:00:00,Size respond all marriage beautiful strategy you.,Method produce about point walk focus plant them wide save question do. Hundred partner bank into use us would tax toward safe family crime century mind.,2,cjackson,110,26,Website,en,Zimbabwe,1.8.2,No
########,Arrive take himself affect.,Fall president money environment recently me approach too relationship perform evidence data case. Discover score decision head staff center within recognize practice law box material almost everyone his.,2,ccruz,185,28,Google Play,en,Czech Republic,4.9.0,Yes
########,Force matter bring nice help history listen.,Form sign option everyone southern the protect list collection situation. Before sound chair close themselves follow time appear memory keep.,3,mary58,43,20,Flipkart,ru,Belgium,4.2.8,Yes
########,Remain movement bit step direction give reduce.,Court control million hundred offer total hit end someone hair soon issue hair. Floor ground when care team worry east Mrs can wonder.,5,stevenandrews,26,23,Website,fr,Austria,3.5.3,No
2025-10-02,Poor results,Not as smart as advertised — very limited help.,1,ryansanchez,42,47,Mobile,en,India,3.5,Yes
2025-10-18,Great AI experience,"I use it daily for coding, writing, and learning — fantastic performance!",4,wilsonelizabeth,39,73,Web,en,India,4.0,Yes
2025-06-16,Decent but not great,"Not bad, but doesn’t always provide accurate info.",3,andrew49,11,50,Web,en,India,3.5,Yes
2025-06-12,Average performance,"The interface is fine, though responses can be inconsistent.",3,lopezjoseph,38,60,Web,en,Canada,4.0,No
2025-05-04,Disappointed,Not as smart as advertised — very limited help.,1,john22,43,47,Mobile,en,UK,4.0,Yes
2024-11-18,Great AI experience,The app runs smoothly and delivers quality answers every time.,5,meganduke,35,62,Mobile,en,Australia,4.0,Yes
2024-08-02 00:00:00,Road federal spring treatment city again hot.,Certainly program soon reflect out final wrong but you. Long stock manager region heavy wonder four still decision run special red apply tend condition.,5,wgregory,164,24,Flipkart,pt,Saudi Arabia,5.2.2,No
2025-05-30,Exceeded expectations,Super useful assistant for research and brainstorming.,4,elizabethward,14,54,Web,en,India,4.0,Yes
########,Between operation our feel act.,Concern without entire everyone sea safe true town car few debate. One ok less Mr sit five plant cultural bring bar.,4,hcallahan,3,21,Amazon,ja,Saint Helena,4.1.8,Yes
2025-01-22,Keeps crashing,Not as smart as advertised — very limited help.,2,gchoi,0,47,Web,en,UK,3.5,No
2025-02-03 00:00:00,Positive move agency lose rise fall huge state.,Officer learn raise kitchen drop computer left political. Study the training each reveal attorney security radio image mind like history situation whatever third Mr.,1,coxjennifer,21,24,Amazon,fr,Madagascar,4.2.6,No
########,Reason mission worry goal Mrs decide between.,Because either send be by fear whom commercial. Eat animal watch toward fall move cause.,4,youngjacob,106,15,App Store,ar,French Southern Territories,2.5.9,Yes
2025-05-16,Disappointed,Way too slow and gives irrelevant answers.,2,rodgersheather,36,42,Web,en,UK,4.0,Yes
2025-10-09,Highly impressed,Super useful assistant for research and brainstorming.,4,adam52,1,54,Web,en,Canada,3.5,No
2025-03-22,Mixed feelings,It’s useful but could improve response variety.,3,jchavez,27,47,Mobile,en,Canada,3.5,No
2025-06-13,Fine overall,"The interface is fine, though responses can be inconsistent.",3,matthew62,29,60,Web,en,India,3.5,No
2025-07-13,Highly impressed,ChatGPT makes my work so much easier and saves me hours every week.,5,wtaylor,38,67,Mobile,en,Australia,4.0,Yes
2024-10-31,Frustrating experience,Way too slow and gives irrelevant answers.,1,benjaminsweeney,9,42,Web,en,India,4.0,No
2025-06-11,Highly impressed,Super useful assistant for research and brainstorming.,4,mark23,50,54,Mobile,en,Canada,3.5,No
2025-06-28,Highly impressed,The app runs smoothly and delivers quality answers every time.,5,michaelmedina,35,62,Web,en,UK,3.5,No
2025-04-23,It’s okay,"Not bad, but doesn’t always provide accurate info.",3,kyle03,17,50,Mobile,en,Canada,4.0,Yes
2025-01-22,Needs major improvement,It keeps crashing and losing my chats.,1,ewilson,36,38,Web,en,Australia,3.5,Yes
2025-02-09,Amazing tool!,The app runs smoothly and delivers quality answers every time.,5,wilsonelizabeth,48,62,Web,en,Canada,3.5,No
2025-09-08 00:00:00,Hospital final appear above.,Require just likely evidence claim stuff parent concern buy. Collection provide action event key concern research throughout mother kind answer play mission.,5,pwang,39,22,App Store,zh,Holy See (Vatican City State),3.7.1,Yes
2024-07-07 00:00:00,Material anything music against.,Almost cell accept similar nothing ten future radio. Many strategy now list goal peace next case attack into heavy audience back site fear.,2,sandra46,196,23,Flipkart,ja,Romania,3.6.7,No
2024-11-17,Mixed feelings,It’s useful but could improve response variety.,3,youngamy,41,47,Web,en,India,4.0,Yes
2025-03-21,Average performance,It’s useful but could improve response variety.,3,ujohnson,23,47,Mobile,en,Australia,3.5,Yes
2025-03-13,Decent but not great,"Sometimes gives great answers, other times not so much.",3,randyford,20,55,Mobile,en,UK,3.5,No
2025-10-27,Love this app,"I use it daily for coding, writing, and learning — fantastic performance!",5,tbriggs,10,73,Mobile,en,Canada,4.0,No
########,Fact perhaps vote always require raise.,Local than also claim radio bad personal well discuss democratic. Shoulder claim white might rock prepare us game size.,5,jasonbishop,87,19,Website,zh,Belarus,3.9.7,Yes
2025-08-22,Mixed feelings,"Decent experience, but it occasionally misunderstands prompts.",3,qelliott,2,62,Mobile,en,Australia,4.0,Yes
########,Marriage fill personal.,Article sort term produce he increase. Information company million character speak protect half understand skill.,4,christy00,35,15,Amazon,de,Greenland,3.2.6,No
2025-07-13,Exceeded expectations,"I use it daily for coding, writing, and learning — fantastic performance!",5,pgarrett,34,73,Web,en,USA,4.0,No
2025-04-01,Mixed feelings,"Sometimes gives great answers, other times not so much.",3,walkerjeffrey,10,55,Mobile,en,Australia,3.5,Yes
########,Management political treat successful visit bill difference.,Door again adult situation office above left capital whom already. Truth although population attorney believe sort rich ever send hundred news finish partner hotel recent.,1,taylorvictoria,84,25,Flipkart,ar,Tokelau,3.2.0,No
2025-09-07,Super helpful!,"I use it daily for coding, writing, and learning — fantastic performance!",4,chrismeyer,44,73,Mobile,en,Canada,3.5,No
2025-07-09 00:00:00,Body blue again choose.,Expect card inside former all program way where. Budget major many race camera seem sister hundred rise score stay.,5,saundersjoel,167,19,App Store,hi,Philippines,5.0.1,No
########,Painting charge save society create paper fine.,Bill huge machine church feeling discover significant easy evening buy six pretty. Stand theory technology baby mean region run after sea.,3,ronald04,66,21,Amazon,ru,Falkland Islands (Malvinas),4.7.1,No
2025-10-02,Highly impressed,"The responses are quick, intelligent, and incredibly natural.",4,katie49,16,61,Web,en,Canada,4.0,No
########,Role today animal suggest concern.,Son growth effort born lead account sound. Which beyond growth finally assume watch present director red practice special then administration.,5,andersoneric,6,20,App Store,de,Puerto Rico,4.4.1,No
########,Day approach truth write soon.,Bag case material dark heart politics draw rise write kitchen theory care fish. Minute within possible eye agency suggest former.,4,cathyjames,54,20,Website,hi,Gibraltar,4.3.1,Yes
########,Ahead doctor magazine set act entire.,Color hear region cup consider way late sport control arrive consumer. Else total impact phone person than coach fall help everybody.,4,ortegakristina,134,21,App Store,ja,Armenia,5.1.2,No
2025-05-01,Needs major improvement,"Frustrating to use, responses make no sense sometimes.",1,austin73,33,54,Mobile,en,Canada,4.0,No
2025-07-03 00:00:00,Assume it fight understand.,Since crime south pass lead a senior over manage computer medical. Exist population enough mother game question me personal born series consider according throw meeting many.,5,rpeterson,133,26,Flipkart,ja,Martinique,2.2.4,No
2025-02-17,Disappointed,Way too slow and gives irrelevant answers.,1,jacksondaniel,34,42,Web,en,Canada,3.5,Yes
2025-10-17,Frustrating experience,"Frustrating to use, responses make no sense sometimes.",2,morgan46,13,54,Web,en,India,4.0,Yes
2025-08-16,Love this app,"The responses are quick, intelligent, and incredibly natural.",4,rick59,8,61,Web,en,USA,4.0,No
########,Every president happen build bar majority.,Woman practice order wide phone identify alone. However few other common seat simply yard provide bed less.,5,andrewberry,106,17,Website,en,Montenegro,4.8.4,No
2025-04-22,Frustrating experience,Not as smart as advertised — very limited help.,2,mooreangela,21,47,Mobile,en,USA,3.5,Yes
2025-05-31,Highly impressed,"I use it daily for coding, writing, and learning — fantastic performance!",4,ryansampson,43,73,Mobile,en,USA,3.5,Yes
2025-10-04,Frustrating experience,Not as smart as advertised — very limited help.,2,tinaholmes,40,47,Web,en,Australia,4.0,Yes
2025-01-01,Poor results,Not as smart as advertised — very limited help.,2,vlong,26,47,Web,en,USA,3.5,No
########,Serious reveal left social fine could show.,Your sell science treatment across federal state. Watch state serious activity pressure writer week tend dinner rich decide do only.,5,cclark,75,20,Amazon,es,Timor-Leste,1.5.4,No
2025-09-20,Needs major improvement,The responses are often wrong and repetitive.,2,ohubbard,1,45,Web,en,USA,3.5,No
2025-04-29,It’s okay,"Sometimes gives great answers, other times not so much.",3,rachel29,49,55,Web,en,USA,3.5,Yes
########,Reflect see each school week statement.,Offer be experience upon space action way quality. Look middle your thousand recently if pattern treat second.,3,lawsontami,147,17,Amazon,de,Peru,2.7.8,No
2025-10-06,Could be better,"The interface is fine, though responses can be inconsistent.",3,colemanjohn,46,60,Web,en,USA,4.0,No
2024-07-08 00:00:00,Long identify road speech audience difficult his.,Number economy knowledge to chance policy. Professor entire record toward off middle vote.,1,imartinez,167,13,Website,de,Vietnam,4.7.3,No
########,Fight save laugh same.,Free concern enough baby quickly table order wide on major easy. And admit quite fact direction me sense simple.,1,elizabeth45,119,19,Amazon,fr,Kuwait,4.8.4,Yes
########,Check perform benefit baby seem should.,Share she order series song wall green project wear. Memory challenge lawyer business majority discuss wall ahead scene store marriage ago condition painting.,5,qharris,20,23,App Store,hi,Luxembourg,3.3.5,Yes
2024-12-07,Exceeded expectations,ChatGPT makes my work so much easier and saves me hours every week.,4,castroanne,47,67,Mobile,en,India,4.0,No
########,Box dinner no main year size.,Real beat lot community choose man soldier wall management. Decide another adult thing ground city still thus allow as.,3,carrilloangela,200,19,App Store,de,Ukraine,3.9.7,No
########,Piece forget factor.,Oil remember page spring responsibility always positive key leave tell. Vote spend physical sing protect agent note.,1,upham,5,17,Amazon,es,Korea,2.3.8,Yes
########,Glass back kitchen memory down.,Camera piece chair peace anyone boy although range team oil among response. Weight yeah window administration suddenly support music and.,1,ashley61,35,20,Website,hi,Norway,2.9.5,No
2025-04-30,Not worth it,The responses are often wrong and repetitive.,1,hannah32,28,45,Web,en,Canada,4.0,No
########,Bar century age world term.,Agent activity show check peace myself win. Him score candidate law place group dream today father movement early sister skill side process.,4,stevenscaitlin,167,22,App Store,ar,Botswana,2.4.5,No
2025-06-07 00:00:00,Before peace us young personal art popular.,Police cup thought tell design both plan foot cold everybody build smile. Why ok real read choice side eat.,1,martinezjesse,83,19,Google Play,hi,Micronesia,3.5.6,Yes
########,Serious produce laugh.,Name door production back us off main option leg never. Computer what attorney board sport side her management produce bed stage thought tough.,5,peter97,55,23,Flipkart,zh,Congo,2.9.0,No
2025-06-07 00:00:00,Receive partner body role pick.,Particularly reality organization skin concern lay often use behavior. Follow today star serve successful assume likely business teacher forget including.,4,webbhaley,29,20,Flipkart,en,Vietnam,1.4.7,Yes
########,Create western police whole.,Feeling free military professional tend such machine establish mind policy. Without task process center marriage each scientist wind grow.,3,harcher,94,19,Website,de,China,2.2.7,Yes
########,Thank plant nearly stage determine.,Bar relationship near reveal impact particularly foot arm staff station. Room evidence eight administration price test voice on reveal read.,3,james62,121,20,Website,ar,Kiribati,2.9.8,Yes
2025-03-14,Needs major improvement,Way too slow and gives irrelevant answers.,1,grantstephanie,16,42,Web,en,India,4.0,Yes
2025-02-02,Poor results,Way too slow and gives irrelevant answers.,1,washingtondennis,5,42,Mobile,en,UK,3.5,No
########,Image peace color general choose system fire.,Little key far season reason chair factor his PM. Surface on chance activity hair meet thank.,1,nicholas72,33,16,Google Play,fr,Trinidad and Tobago,4.7.8,No
2025-04-05,Poor results,"Frustrating to use, responses make no sense sometimes.",1,melissaschneider,34,54,Mobile,en,Canada,4.0,Yes
########,One member animal school none.,Mr interest treatment later a let stop eye will. Art two event economy quite yourself successful.,4,christopher12,163,16,Website,ar,Saint Kitts and Nevis,1.1.7,Yes
########,With less catch.,Watch trial together individual analysis yard safe mean international hour special recent better. Drive next actually rule wear car fast positive before look fight reflect teach section.,4,xlopez,143,27,Website,pt,Nigeria,5.0.9,No
########,Letter one then reality some serve different billion.,Kitchen public set action bring find bill pick. Discussion just state must particular child they senior result themselves we American study eight.,3,john76,79,22,Amazon,ar,Italy,2.8.7,No
2024-11-13,Fine overall,"Decent experience, but it occasionally misunderstands prompts.",3,nicholasparker,47,62,Mobile,en,Australia,4.0,No
2024-12-24,Average performance,"The interface is fine, though responses can be inconsistent.",3,scarter,44,60,Mobile,en,India,3.5,No
2025-07-20,Mixed feelings,"Decent experience, but it occasionally misunderstands prompts.",3,ernestjohnson,2,62,Web,en,Canada,4.0,Yes
########,News cultural make quickly different score its.,Food discuss sign true somebody black thing rock himself wind two artist. Boy suggest authority shake paper subject type fly recognize help writer.,1,christopherjohnson,138,23,Google Play,es,Paraguay,4.0.4,No
2025-06-05,Keeps crashing,It keeps crashing and losing my chats.,2,lynnmartin,24,38,Mobile,en,Canada,4.0,Yes
########,Effort once leave push.,Do raise hope enjoy most itself eye something high firm morning what. Truth PM what it truth teach friend environment.,1,jessicachapman,125,20,App Store,es,Congo,1.5.9,Yes
2025-02-25,Poor results,Not as smart as advertised — very limited help.,2,lbailey,29,47,Mobile,en,Canada,4.0,No
2025-09-29,Mixed feelings,"Sometimes gives great answers, other times not so much.",3,william50,22,55,Mobile,en,UK,4.0,No
########,Section scene financial here expert.,Nothing recent not leg break bed role control option whole short. Design hear ball right east study politics.,1,donald56,4,18,Website,hi,Czech Republic,5.4.0,No
2025-08-12,Mixed feelings,"Not bad, but doesn’t always provide accurate info.",3,contrerasevan,47,50,Mobile,en,Canada,4.0,No
2025-08-26,Great AI experience,ChatGPT makes my work so much easier and saves me hours every week.,5,fschwartz,34,67,Web,en,Australia,4.0,No
2025-01-08,It’s okay,"The interface is fine, though responses can be inconsistent.",3,gwest,42,60,Web,en,USA,4.0,No
2025-04-14,Fine overall,"Sometimes gives great answers, other times not so much.",3,vfoley,8,55,Web,en,USA,4.0,No
2025-10-30,Love this app,The app runs smoothly and delivers quality answers every time.,4,huntkathy,27,62,Mobile,en,UK,3.5,Yes
2024-11-15,Poor results,The responses are often wrong and repetitive.,1,howardblack,5,45,Mobile,en,USA,4.0,Yes
########,Purpose here beyond.,Pass share must amount lot per manage world to than make worker. Exactly develop office approach son long must maybe hour rather company with recently least ready.,5,chloe42,123,27,Amazon,zh,Mayotte,5.8.6,No
2024-12-28,Love this app,"I use it daily for coding, writing, and learning — fantastic performance!",5,merrittmargaret,19,73,Mobile,en,Australia,3.5,Yes
2024-12-23,Not worth it,The responses are often wrong and repetitive.,2,kathysloan,16,45,Mobile,en,India,4.0,No
########,Far high benefit.,Personal often beat art almost finish summer. Site artist sort area particularly it big argue.,3,mhall,61,15,Google Play,pt,Solomon Islands,3.2.0,No
########,Blood during for look return.,Area impact position cause lead ever stand dark product eight strategy. Focus so for nice current Democrat me.,3,ccrane,123,18,Google Play,zh,Slovakia (Slovak Republic),3.3.7,Yes
2025-10-20,Needs major improvement,Way too slow and gives irrelevant answers.,1,yrichardson,18,42,Mobile,en,USA,3.5,Yes
########,Plan issue ever will.,International push short age environment fall indicate land fear. Other ground already school eat base behind.,3,samanthaberger,4,16,Flipkart,pt,Venezuela,2.6.1,No
2025-04-01,Keeps crashing,It keeps crashing and losing my chats.,1,joseph42,20,38,Mobile,en,Australia,4.0,No
########,Administration American executive or apply.,Thousand hospital individual yes finally American mind gas partner item. Note society get body across until chair race model face newspaper class main ask.,4,adam50,191,24,Website,zh,Australia,4.8.7,Yes
########,Ability interview pull practice take follow such.,Thank notice management necessary process not radio. Compare open second camera value talk thing rock ever summer age wide question pass quite.,5,rhill,139,22,Website,ru,Malaysia,5.0.6,No
2025-07-15,Super helpful!,Super useful assistant for research and brainstorming.,5,cheyenne10,32,54,Web,en,India,4.0,Yes
2025-05-02 00:00:00,Play forget home upon actually future.,Everybody provide painting travel question evening imagine affect. Price ever leg so play best different remember determine particularly rock participant leave.,2,lynn27,176,21,Google Play,ru,Timor-Leste,3.0.1,No
########,Threat our shake garden report agreement.,Include TV clear design me story somebody next ready weight suffer Republican. Individual trouble bring capital admit give reality catch.,5,walkermelissa,143,20,Amazon,es,Cambodia,4.0.6,Yes
2025-03-12,Decent but not great,"Sometimes gives great answers, other times not so much.",3,coreybuchanan,25,55,Mobile,en,USA,3.5,Yes
########,Religious order exist really.,Food wish office case student soldier share or friend building center. Collection have close during old card social place heavy citizen they ball account.,4,nschwartz,24,24,Amazon,fr,Cambodia,5.0.9,No
########,Bill my near even wall sound off.,Break financial analysis summer the four threat billion she seat against serve. Fly court everybody five kid brother chance event address performance.,1,charlesaustin,175,22,Amazon,ru,Guadeloupe,3.0.6,No
2025-09-29,Mixed feelings,It’s useful but could improve response variety.,3,jamesfisher,19,47,Mobile,en,Australia,4.0,No
2024-12-06,Super helpful!,The app runs smoothly and delivers quality answers every time.,4,dhoward,14,62,Web,en,Australia,4.0,Yes
2025-01-27,Highly impressed,Super useful assistant for research and brainstorming.,4,masseychristine,49,54,Web,en,Australia,3.5,Yes
########,Decision form section you until clearly resource.,Manager phone modern cause them industry across brother yet result they. Mission past he practice center model daughter pass research mind economy.,2,asmith,50,22,Amazon,de,Christmas Island,4.9.3,No
########,Stay along leg pay major green past.,Tough company happen card government anything many color wide full quickly story. Face low enter able piece hour type upon where.,4,kenneth10,78,21,App Store,en,Guernsey,1.6.8,No
2024-02-06 00:00:00,Project study fear.,Whether about she activity marriage material space. Third down open little improve bag outside each natural people newspaper stay any challenge president already.,5,williamsrobert,143,23,Amazon,pt,Christmas Island,2.1.7,No
2025-05-09,Could be better,It’s useful but could improve response variety.,3,xgray,39,47,Mobile,en,India,3.5,No
########,Music west force firm.,Perhaps hope across follow character talk. Purpose force leader program show off great they test check significant deal consider ago own suddenly.,3,dominiqueharris,188,22,App Store,pt,Central African Republic,2.5.6,No
2025-02-15,Amazing tool!,"I use it daily for coding, writing, and learning — fantastic performance!",4,mariacuevas,2,73,Mobile,en,Australia,4.0,Yes
2024-12-23,Fine overall,"The interface is fine, though responses can be inconsistent.",3,ahenry,2,60,Web,en,Australia,3.5,Yes
2025-07-06,Exceeded expectations,"I use it daily for coding, writing, and learning — fantastic performance!",4,victoriaramos,15,73,Web,en,UK,4.0,Yes
2025-08-09,Average performance,"Not bad, but doesn’t always provide accurate info.",3,james47,49,50,Mobile,en,Canada,4.0,Yes
2024-06-07 00:00:00,Air conference follow so group authority.,West maintain third interest section staff performance parent. Current good today standard last threat when education important page theory wear most.,1,nathan51,76,21,Website,pt,Algeria,1.5.4,No
2025-05-18,Fine overall,It’s useful but could improve response variety.,3,chapmanrichard,45,47,Mobile,en,UK,3.5,Yes
2025-06-28,Frustrating experience,Way too slow and gives irrelevant answers.,1,tiffanyfisher,45,42,Mobile,en,India,4.0,No
########,Hair fight best add necessary technology former.,Record woman develop international article interview appear body hair. Represent east time consider a produce focus experience exactly paper issue edge.,5,julia98,143,21,Flipkart,zh,Netherlands Antilles,5.4.1,No
########,Continue goal before suffer walk.,Film decide wonder interesting several born affect machine. Amount blue soldier message arrive budget education at property senior site turn day.,4,michael89,19,21,Amazon,pt,Dominican Republic,4.9.6,No
########,Board just style class government.,I across issue culture more together improve tree. Choose prevent difficult house federal into consider.,2,tsmith,55,15,Website,zh,Congo,1.0.4,No
########,Television receive accept language.,Really behind or himself yourself reflect fear by foot. Continue spend after new movie speech major million once research so buy send whole today.,4,david29,62,24,App Store,hi,Costa Rica,4.1.0,Yes
2024-11-26,Keeps crashing,The responses are often wrong and repetitive.,2,vkelly,21,45,Web,en,Canada,3.5,Yes
########,Source kind hand employee field.,Stuff agreement professional team foot live window music evening know wide recently. Opportunity lead see theory itself policy move training loss.,1,millskatherine,184,21,Flipkart,ja,Burkina Faso,2.1.7,No
2024-11-02,Great AI experience,"The responses are quick, intelligent, and incredibly natural.",4,rosegrant,43,61,Mobile,en,India,3.5,Yes
2025-05-30,Amazing tool!,Super useful assistant for research and brainstorming.,5,james14,43,54,Web,en,USA,4.0,Yes
########,Ask window full organization.,World into task thus sort voice happen actually purpose. How mission put budget house reason within scientist.,3,bmartinez,22,17,App Store,es,Saint Kitts and Nevis,2.6.9,No
2025-06-29,Amazing tool!,"I use it daily for coding, writing, and learning — fantastic performance!",4,ross44,45,73,Web,en,Australia,3.5,Yes
########,Guess sea three state.,Child executive important focus benefit probably analysis visit condition all blood court all. Price moment red eight hand paper audience us decade man threat bag song.,5,colonjoseph,97,26,Website,de,Armenia,4.9.2,Yes
########,Learn health need class.,Democratic decide course quickly western have hair few film standard. Record power lay improve goal my mission share box.,2,qjames,137,19,Amazon,ru,Portugal,3.2.1,Yes
2025-05-05 00:00:00,Politics sense break.,Space end red machine son television garden base certain value. Study sell include himself produce rise cold official success.,5,stevenalvarez,77,19,App Store,en,Lebanon,1.7.6,No
2025-05-12,Average performance,"The interface is fine, though responses can be inconsistent.",3,alex95,47,60,Web,en,India,3.5,No
########,Require vote her old price change several power.,Central force small friend impact present likely wind perform. Happy fact change option blood deep finish respond score.,2,benjaminvictoria,77,18,Flipkart,ru,Monaco,2.6.4,No
2025-04-06,Frustrating experience,Not as smart as advertised — very limited help.,1,rosalesjohn,27,47,Web,en,Australia,4.0,Yes
2025-08-05 00:00:00,Writer heart Mrs her we but how.,Decision recently pull eight allow system whose place no generation debate world. Fight seem later level choose once person north indeed share seem exist.,2,victoriaduncan,19,24,Amazon,pt,Christmas Island,5.9.6,No
2025-03-13,Could be better,"Sometimes gives great answers, other times not so much.",3,linda45,2,55,Web,en,UK,4.0,Yes
2025-02-12,Super helpful!,The app runs smoothly and delivers quality answers every time.,5,vwatts,21,62,Mobile,en,Australia,3.5,No
2025-08-08,Frustrating experience,It keeps crashing and losing my chats.,1,jason31,2,38,Mobile,en,Canada,3.5,No
2025-06-21,Frustrating experience,"Frustrating to use, responses make no sense sometimes.",1,justinjoseph,33,54,Mobile,en,UK,3.5,No
2025-04-09,Highly impressed,ChatGPT makes my work so much easier and saves me hours every week.,4,markchoi,11,67,Web,en,Canada,3.5,Yes
########,Effort southern maintain nature.,Woman add play structure down however activity lose. Could thank wife if yeah law enjoy key seat pretty method front.,3,barnettmatthew,42,20,Website,en,Malaysia,5.6.5,No
########,Before significant election life all.,Evening current without else keep begin great hair. Last piece story already strong history Mrs decision reduce get specific someone debate record mean.,2,holmescrystal,27,23,Google Play,ru,Lebanon,2.3.3,No
########,Let always test.,Sit Republican such will born condition interest service that bag. Front various opportunity culture spend road lawyer.,3,mrichardson,11,17,Google Play,hi,Poland,5.9.0,Yes
2025-10-11,Great AI experience,Super useful assistant for research and brainstorming.,4,mccoymark,8,54,Mobile,en,UK,3.5,Yes
2025-02-26,Not worth it,The responses are often wrong and repetitive.,2,malonemaria,49,45,Mobile,en,India,4.0,No
2025-07-25,Super helpful!,Super useful assistant for research and brainstorming.,5,jerry58,23,54,Web,en,Australia,4.0,No
2024-11-02,Not worth it,The responses are often wrong and repetitive.,2,arthurfoster,47,45,Mobile,en,Canada,4.0,No
2025-10-07,Keeps crashing,Way too slow and gives irrelevant answers.,1,danderson,4,42,Web,en,USA,3.5,Yes
2024-11-21,Keeps crashing,The responses are often wrong and repetitive.,1,bserrano,37,45,Mobile,en,Canada,4.0,Yes
2024-12-03,Disappointed,The responses are often wrong and repetitive.,1,nmatthews,46,45,Mobile,en,UK,3.5,Yes
2025-08-13,Highly impressed,The app runs smoothly and delivers quality answers every time.,4,xpalmer,13,62,Web,en,Canada,3.5,Yes
2024-11-16,It’s okay,It’s useful but could improve response variety.,3,smithkristi,28,47,Mobile,en,UK,4.0,Yes
2025-01-30,Exceeded expectations,"The responses are quick, intelligent, and incredibly natural.",5,whitekelly,28,61,Mobile,en,Australia,4.0,Yes
2025-03-23,Decent but not great,"Not bad, but doesn’t always provide accurate info.",3,brandonsmith,7,50,Mobile,en,India,4.0,Yes
########,Must process back check room evidence enjoy.,Attack with find could really Mrs former article light choose go next. General add cover exist treatment international role happen short various.,5,martinezalexa,167,22,Amazon,hi,Oman,4.7.7,Yes
2024-02-09 00:00:00,Two economic cup suffer response which.,Describe half together ahead catch base reality. Environment loss well give necessary family seat many mention.,4,silvakatie,45,16,Google Play,ja,Georgia,4.2.4,Yes
########,Century shoulder despite poor.,Show realize property show either sit everyone artist home. Election spend concern attorney woman customer hotel population.,5,gbaldwin,135,17,Amazon,ar,Antigua and Barbuda,5.9.6,Yes
########,Under concern eye mouth.,Short worker without nearly goal design too everything. Picture professional rather plan player maybe mouth different identify series experience under.,1,kathryn21,162,20,Amazon,ar,Hungary,4.3.5,No
2025-07-06,Fine overall,It’s useful but could improve response variety.,3,melissa66,37,47,Web,en,USA,4.0,Yes
########,Time order have power.,Front station from participant blue reveal available. Wear treat piece scientist job serious record safe rich operation star meeting.,3,lflores,96,19,Flipkart,ru,Madagascar,4.3.3,No
2025-06-09,Needs major improvement,The responses are often wrong and repetitive.,2,debra77,34,45,Mobile,en,India,3.5,No
2025-09-07,Amazing tool!,The app runs smoothly and delivers quality answers every time.,4,clinton50,40,62,Mobile,en,UK,3.5,No
2024-11-06,Great AI experience,ChatGPT makes my work so much easier and saves me hours every week.,5,ronald58,15,67,Mobile,en,Canada,3.5,No
########,Debate thus later.,Onto take family chance easy picture evidence call meet once major road six. Ask meet seem population meeting material less focus hear reason resource manager environmental husband TV once.,4,randytorres,190,29,App Store,ja,Tuvalu,3.2.7,No
########,Question mouth factor per son war speak.,Catch friend much power say sell that reflect. Fly today me institution approach health laugh may stop like.,2,lopeznicole,144,18,App Store,es,Benin,2.0.1,Yes
2025-03-21,Could be better,"Not bad, but doesn’t always provide accurate info.",3,christopherortiz,10,50,Mobile,en,Canada,3.5,Yes
2025-03-07 00:00:00,Growth pretty wish.,Ask develop bag also his worker pass. Expert white arm similar compare manager action sure us million crime six member recognize past.,4,sheakimberly,120,22,Flipkart,ar,Guinea,5.2.6,Yes
2025-06-14,Frustrating experience,It keeps crashing and losing my chats.,1,sanchezgerald,22,38,Web,en,USA,3.5,No
2024-11-21,Decent but not great,"The interface is fine, though responses can be inconsistent.",3,mark19,37,60,Web,en,Australia,3.5,Yes
########,For better scene thank.,Approach hair decide edge pattern three. Analysis science understand compare size machine break time return or for cup quality for.,3,evance,26,20,Website,ru,Latvia,2.2.7,Yes
2024-11-11,Mixed feelings,"Not bad, but doesn’t always provide accurate info.",3,hchambers,14,50,Web,en,Australia,4.0,No
########,Pass its international American game less.,Building make it south financial rate capital. Story mention majority those live none institution series.,3,deborahreeves,79,15,Flipkart,de,Venezuela,3.7.3,Yes
########,Challenge entire common and part read important.,Pm artist best name work create pass admit student summer first. Town only want might wait idea study prove assume.,1,collinsann,158,20,Website,ar,British Indian Ocean Territory (Chagos Archipelago),4.0.0,No
2025-06-06 00:00:00,Per nature wind himself future.,Little goal leave color should page. Meet if research blood news audience few leave opportunity.,3,bmueller,62,15,Flipkart,pt,Mongolia,2.1.8,Yes
2025-04-20,Could be better,"Sometimes gives great answers, other times not so much.",3,careyjohn,2,55,Web,en,Australia,4.0,Yes
2025-02-17,Exceeded expectations,"I use it daily for coding, writing, and learning — fantastic performance!",5,ronniefernandez,5,73,Web,en,India,4.0,Yes
2025-08-13,Decent but not great,"Sometimes gives great answers, other times not so much.",3,iturner,4,55,Mobile,en,Canada,3.5,No
2025-03-18,Disappointed,It keeps crashing and losing my chats.,1,joneskelly,20,38,Web,en,USA,3.5,No
2025-10-20,Average performance,"Not bad, but doesn’t always provide accurate info.",3,rachelpotts,38,50,Web,en,India,3.5,No
2024-12-19,Average performance,"Not bad, but doesn’t always provide accurate info.",3,rhodesjennifer,4,50,Mobile,en,USA,3.5,No
########,Little result paper seven measure leave.,Face mission brother figure hear family agreement central six instead view figure exist. Standard major business give that individual of not too.,1,jcontreras,81,22,Google Play,zh,Tonga,2.2.0,No
2025-02-01,Amazing tool!,The app runs smoothly and delivers quality answers every time.,5,espinozarobert,16,62,Web,en,UK,3.5,No
2025-09-03,Keeps crashing,"Frustrating to use, responses make no sense sometimes.",1,flynnjoshua,27,54,Web,en,USA,4.0,Yes
2025-04-06 00:00:00,Book half people.,Team audience throw four allow international. Recently partner offer debate range per friend usually method travel hair.,1,michael81,46,17,Amazon,hi,Moldova,3.5.0,Yes
2025-02-11,Love this app,ChatGPT makes my work so much easier and saves me hours every week.,5,cervantesjennifer,21,67,Mobile,en,Australia,3.5,No
2025-06-03,Exceeded expectations,Super useful assistant for research and brainstorming.,4,sreeves,29,54,Web,en,UK,4.0,Yes
2025-02-08,Frustrating experience,"Frustrating to use, responses make no sense sometimes.",1,sanchezashley,11,54,Web,en,Canada,3.5,No
2024-04-06 00:00:00,Parent not parent that property among blue.,Tend exactly right every edge meet information. Work bar big south drug manager opportunity program billion sit remain.,4,johnstondavid,24,18,App Store,ar,Serbia,3.1.4,Yes
########,Here control affect task simply draw return.,South just cover ready group care together magazine join far. Couple cost girl run every story trial never attention choice fast enjoy happen a.,2,rlee,135,24,App Store,pt,Luxembourg,2.2.2,Yes
2025-10-27,Amazing tool!,Super useful assistant for research and brainstorming.,5,snewman,31,54,Web,en,Australia,4.0,No
########,Memory fine future player.,Too particular chair identify popular thought person peace kind. Thought sit identify culture feeling already free rise science call yeah exist.,5,johnsonlaura,31,21,Amazon,es,Namibia,2.4.7,Yes
2025-10-28,It’s okay,"The interface is fine, though responses can be inconsistent.",3,hensoncindy,28,60,Web,en,Canada,4.0,No
2025-02-15,Highly impressed,"The responses are quick, intelligent, and incredibly natural.",4,jonathanmclaughlin,35,61,Mobile,en,Australia,4.0,No
2025-08-08 00:00:00,Method finish want remain pretty summer black.,Drive long majority exactly significant lot begin she represent good structure drug. Reason avoid manager defense provide life his maintain future sport.,1,jefferycox,102,22,Google Play,fr,Korea,2.7.5,Yes
2025-09-04,Disappointed,"Frustrating to use, responses make no sense sometimes.",1,lisahubbard,34,54,Mobile,en,Australia,3.5,No
2024-12-14,Disappointed,It keeps crashing and losing my chats.,2,kimtamara,15,38,Mobile,en,India,4.0,Yes
2025-03-12,Disappointed,Not as smart as advertised — very limited help.,2,ngonzalez,26,47,Mobile,en,USA,4.0,Yes
2024-11-09,Disappointed,"Frustrating to use, responses make no sense sometimes.",2,gwilliams,16,54,Web,en,Canada,4.0,Yes
########,Goal Mrs source whole first figure.,Grow raise good whole everybody situation foot recognize play. Decide side natural focus husband give spring suddenly task.,5,fowlerlawrence,40,18,Amazon,ru,Luxembourg,4.7.3,No
########,Car term truth toward.,Program painting somebody game brother impact measure chance management thing cup conference law. Building enjoy never us sea call alone issue real.,3,david83,164,22,App Store,ru,Rwanda,3.6.6,Yes
2025-08-13,Frustrating experience,"Frustrating to use, responses make no sense sometimes.",2,edwardssheri,27,54,Web,en,Australia,4.0,No
2025-10-02,Poor results,Way too slow and gives irrelevant answers.,2,trobinson,20,42,Web,en,UK,4.0,Yes
########,Face make state few one management.,Eye south wife interest to cause onto beat debate listen test. At whether series because important trial increase new report sense carry control.,5,ywalker,124,23,Website,hi,Afghanistan,1.3.6,Yes
2025-07-23,Poor results,"Frustrating to use, responses make no sense sometimes.",1,eshort,12,54,Web,en,UK,3.5,Yes
2025-08-18,Great AI experience,ChatGPT makes my work so much easier and saves me hours every week.,5,vancelindsey,7,67,Mobile,en,India,4.0,No
########,Want we difficult.,Cost may leader unit again easy morning. Majority season adult range green few you without every artist election hit.,1,penny21,79,19,App Store,en,Saint Lucia,5.5.2,Yes
2025-09-18,Exceeded expectations,"I use it daily for coding, writing, and learning — fantastic performance!",5,christensenmaria,37,73,Mobile,en,India,4.0,Yes
2025-04-13,Needs major improvement,It keeps crashing and losing my chats.,1,kimberlycharles,14,38,Web,en,USA,4.0,Yes
########,Low pass national citizen score unit.,Energy Congress back suddenly tree debate beyond somebody including. Where baby reach heart finish traditional speak conference act condition note parent all wish.,1,catherineherrera,196,23,Google Play,pt,Malaysia,2.8.0,Yes
2025-04-03,Amazing tool!,"I use it daily for coding, writing, and learning — fantastic performance!",4,mcclureamanda,12,73,Web,en,Australia,3.5,Yes
########,Girl close explain main.,Evidence significant discussion manage answer military modern meet up expect himself serious well. Sport same writer decision mind offer past.,2,nicoleroberts,118,20,Google Play,ru,United States Virgin Islands,4.6.8,Yes
2025-02-17,Mixed feelings,"The interface is fine, though responses can be inconsistent.",3,amanda62,48,60,Web,en,Australia,4.0,No
2025-08-09,Average performance,It’s useful but could improve response variety.,3,gonzalesdavid,14,47,Mobile,en,India,3.5,Yes
2024-11-26,Frustrating experience,Not as smart as advertised — very limited help.,2,christopher47,44,47,Mobile,en,UK,4.0,Yes
2025-09-14,Amazing tool!,Super useful assistant for research and brainstorming.,5,hking,7,54,Mobile,en,Canada,3.5,Yes
2025-05-21,Amazing tool!,Super useful assistant for research and brainstorming.,5,johnsonjonathan,30,54,Mobile,en,Australia,4.0,Yes
########,Nor positive memory clearly start first.,Whatever own democratic grow campaign performance avoid effort. Power clear lay war put vote century data picture especially plan population.,3,mgray,183,20,Amazon,zh,Egypt,4.2.5,Yes
2024-09-08 00:00:00,Something various subject east list when strategy start.,Guess service this different everyone information large accept create bank occur agent. Within interest avoid economic clearly financial personal benefit lose space.,1,sherryparsons,162,22,App Store,zh,Nicaragua,3.0.5,Yes
2024-11-29,Average performance,"Not bad, but doesn’t always provide accurate info.",3,xrichardson,14,50,Mobile,en,Canada,3.5,No
2025-07-07 00:00:00,Around place require produce mind fast I.,Picture early send morning skin case investment truth together weight. Some gun ahead certainly act south want be fire word clearly article service produce political.,5,jennifer55,35,25,Amazon,en,Algeria,4.5.8,Yes
2025-05-25,Not worth it,The responses are often wrong and repetitive.,2,wendymaldonado,19,45,Mobile,en,Australia,4.0,No
2025-04-01,Great AI experience,ChatGPT makes my work so much easier and saves me hours every week.,5,mmorales,43,67,Mobile,en,Australia,3.5,No
2025-05-06 00:00:00,Past much soldier reason any.,Notice American force although participant rich speech big mention rise front PM. Institution against wear either present third student item bring court end.,2,blewis,144,23,Flipkart,pt,Falkland Islands (Malvinas),4.8.5,No
2025-05-10,Poor results,"Frustrating to use, responses make no sense sometimes.",2,evanfarmer,27,54,Web,en,India,3.5,Yes
2025-08-09 00:00:00,Rise thousand catch own than evidence.,Mission account owner would seven usually list front. From radio gas firm dream guess huge particularly wish their south able that.,1,miguelmontgomery,115,21,App Store,ru,Palestinian Territory,3.2.8,Yes
########,Ten affect test power discuss herself.,Deep national seek nature performance yeah reason property heavy town money eight. Exist smile peace apply pressure across home even.,5,mckeetodd,90,20,Flipkart,de,Nauru,5.4.2,Yes
########,Edge this draw business southern forget once.,Area to finish fear as western. Public though however style successful door number matter building professional oil simple.,1,vshaffer,14,18,Amazon,hi,Dominica,1.1.9,No
########,Better author although customer cultural.,Church successful effort be seem far million discover American mention from later it. Source first him conference doctor population grow bar successful mention poor skill.,3,john43,132,25,Amazon,es,Romania,4.1.6,Yes
2025-09-04,Amazing tool!,Super useful assistant for research and brainstorming.,5,tthomas,5,54,Web,en,Australia,4.0,No
2024-11-17,Mixed feelings,It’s useful but could improve response variety.,3,stephen99,19,47,Web,en,Australia,3.5,Yes
########,Country little reality level realize system.,On must certainly light owner fact wife military price. Arm medical strong teach instead crime customer training size.,4,christina65,9,18,Amazon,de,Central African Republic,1.3.0,No
